{
	"BUILD_DIR" : "C:/Users/Pranav/Documents/Qt/Calculator/build-MyCalculator-Desktop_Qt_6_0_4_MinGW_64_bit-Release/MyCalculator_autogen",
	"CMAKE_BINARY_DIR" : "C:/Users/Pranav/Documents/Qt/Calculator/build-MyCalculator-Desktop_Qt_6_0_4_MinGW_64_bit-Release",
	"CMAKE_CURRENT_BINARY_DIR" : "C:/Users/Pranav/Documents/Qt/Calculator/build-MyCalculator-Desktop_Qt_6_0_4_MinGW_64_bit-Release",
	"CMAKE_CURRENT_SOURCE_DIR" : "C:/Users/Pranav/Documents/Qt/Calculator/MyCalculator",
	"CMAKE_EXECUTABLE" : "C:/Qt/Tools/CMake_64/bin/cmake.exe",
	"CMAKE_LIST_FILES" : 
	[
		"C:/Users/Pranav/Documents/Qt/Calculator/MyCalculator/CMakeLists.txt",
		"C:/Qt/Tools/QtCreator/share/qtcreator/package-manager/auto-setup.cmake",
		"C:/Qt/Tools/CMake_64/share/cmake-3.19/Modules/CMakeDetermineSystem.cmake",
		"C:/Qt/Tools/CMake_64/share/cmake-3.19/Modules/CMakeSystem.cmake.in",
		"C:/Users/Pranav/Documents/Qt/Calculator/build-MyCalculator-Desktop_Qt_6_0_4_MinGW_64_bit-Release/CMakeFiles/3.19.2/CMakeSystem.cmake",
		"C:/Qt/Tools/CMake_64/share/cmake-3.19/Modules/CMakeNinjaFindMake.cmake",
		"C:/Qt/Tools/CMake_64/share/cmake-3.19/Modules/CMakeSystemSpecificInitialize.cmake",
		"C:/Qt/Tools/CMake_64/share/cmake-3.19/Modules/CMakeDetermineCXXCompiler.cmake",
		"C:/Qt/Tools/CMake_64/share/cmake-3.19/Modules/CMakeDetermineCompiler.cmake",
		"C:/Qt/Tools/CMake_64/share/cmake-3.19/Modules/Platform/Windows-Determine-CXX.cmake",
		"C:/Qt/Tools/CMake_64/share/cmake-3.19/Modules/CMakeDetermineCompilerId.cmake",
		"C:/Qt/Tools/CMake_64/share/cmake-3.19/Modules/CMakeCompilerIdDetection.cmake",
		"C:/Qt/Tools/CMake_64/share/cmake-3.19/Modules/Compiler/ADSP-DetermineCompiler.cmake",
		"C:/Qt/Tools/CMake_64/share/cmake-3.19/Modules/Compiler/ARMCC-DetermineCompiler.cmake",
		"C:/Qt/Tools/CMake_64/share/cmake-3.19/Modules/Compiler/ARMClang-DetermineCompiler.cmake",
		"C:/Qt/Tools/CMake_64/share/cmake-3.19/Modules/Compiler/AppleClang-DetermineCompiler.cmake",
		"C:/Qt/Tools/CMake_64/share/cmake-3.19/Modules/Compiler/Clang-DetermineCompilerInternal.cmake",
		"C:/Qt/Tools/CMake_64/share/cmake-3.19/Modules/Compiler/Borland-DetermineCompiler.cmake",
		"C:/Qt/Tools/CMake_64/share/cmake-3.19/Modules/Compiler/Clang-DetermineCompiler.cmake",
		"C:/Qt/Tools/CMake_64/share/cmake-3.19/Modules/Compiler/Clang-DetermineCompilerInternal.cmake",
		"C:/Qt/Tools/CMake_64/share/cmake-3.19/Modules/Compiler/Comeau-CXX-DetermineCompiler.cmake",
		"C:/Qt/Tools/CMake_64/share/cmake-3.19/Modules/Compiler/Compaq-CXX-DetermineCompiler.cmake",
		"C:/Qt/Tools/CMake_64/share/cmake-3.19/Modules/Compiler/Cray-DetermineCompiler.cmake",
		"C:/Qt/Tools/CMake_64/share/cmake-3.19/Modules/Compiler/Embarcadero-DetermineCompiler.cmake",
		"C:/Qt/Tools/CMake_64/share/cmake-3.19/Modules/Compiler/Fujitsu-DetermineCompiler.cmake",
		"C:/Qt/Tools/CMake_64/share/cmake-3.19/Modules/Compiler/GHS-DetermineCompiler.cmake",
		"C:/Qt/Tools/CMake_64/share/cmake-3.19/Modules/Compiler/GNU-CXX-DetermineCompiler.cmake",
		"C:/Qt/Tools/CMake_64/share/cmake-3.19/Modules/Compiler/HP-CXX-DetermineCompiler.cmake",
		"C:/Qt/Tools/CMake_64/share/cmake-3.19/Modules/Compiler/IAR-DetermineCompiler.cmake",
		"C:/Qt/Tools/CMake_64/share/cmake-3.19/Modules/Compiler/Intel-DetermineCompiler.cmake",
		"C:/Qt/Tools/CMake_64/share/cmake-3.19/Modules/Compiler/MSVC-DetermineCompiler.cmake",
		"C:/Qt/Tools/CMake_64/share/cmake-3.19/Modules/Compiler/NVIDIA-DetermineCompiler.cmake",
		"C:/Qt/Tools/CMake_64/share/cmake-3.19/Modules/Compiler/OpenWatcom-DetermineCompiler.cmake",
		"C:/Qt/Tools/CMake_64/share/cmake-3.19/Modules/Compiler/PGI-DetermineCompiler.cmake",
		"C:/Qt/Tools/CMake_64/share/cmake-3.19/Modules/Compiler/PathScale-DetermineCompiler.cmake",
		"C:/Qt/Tools/CMake_64/share/cmake-3.19/Modules/Compiler/SCO-DetermineCompiler.cmake",
		"C:/Qt/Tools/CMake_64/share/cmake-3.19/Modules/Compiler/SunPro-CXX-DetermineCompiler.cmake",
		"C:/Qt/Tools/CMake_64/share/cmake-3.19/Modules/Compiler/TI-DetermineCompiler.cmake",
		"C:/Qt/Tools/CMake_64/share/cmake-3.19/Modules/Compiler/VisualAge-CXX-DetermineCompiler.cmake",
		"C:/Qt/Tools/CMake_64/share/cmake-3.19/Modules/Compiler/IBMCPP-CXX-DetermineVersionInternal.cmake",
		"C:/Qt/Tools/CMake_64/share/cmake-3.19/Modules/Compiler/Watcom-DetermineCompiler.cmake",
		"C:/Qt/Tools/CMake_64/share/cmake-3.19/Modules/Compiler/XL-CXX-DetermineCompiler.cmake",
		"C:/Qt/Tools/CMake_64/share/cmake-3.19/Modules/Compiler/IBMCPP-CXX-DetermineVersionInternal.cmake",
		"C:/Qt/Tools/CMake_64/share/cmake-3.19/Modules/Compiler/XLClang-CXX-DetermineCompiler.cmake",
		"C:/Qt/Tools/CMake_64/share/cmake-3.19/Modules/Compiler/zOS-CXX-DetermineCompiler.cmake",
		"C:/Qt/Tools/CMake_64/share/cmake-3.19/Modules/Compiler/IBMCPP-CXX-DetermineVersionInternal.cmake",
		"C:/Qt/Tools/CMake_64/share/cmake-3.19/Modules/CMakeFindBinUtils.cmake",
		"C:/Qt/Tools/CMake_64/share/cmake-3.19/Modules/Compiler/GNU-FindBinUtils.cmake",
		"C:/Qt/Tools/CMake_64/share/cmake-3.19/Modules/CMakeCXXCompiler.cmake.in",
		"C:/Users/Pranav/Documents/Qt/Calculator/build-MyCalculator-Desktop_Qt_6_0_4_MinGW_64_bit-Release/CMakeFiles/3.19.2/CMakeCXXCompiler.cmake",
		"C:/Qt/Tools/CMake_64/share/cmake-3.19/Modules/CMakeSystemSpecificInformation.cmake",
		"C:/Qt/Tools/CMake_64/share/cmake-3.19/Modules/CMakeGenericSystem.cmake",
		"C:/Qt/Tools/CMake_64/share/cmake-3.19/Modules/CMakeInitializeConfigs.cmake",
		"C:/Qt/Tools/CMake_64/share/cmake-3.19/Modules/Platform/Windows.cmake",
		"C:/Qt/Tools/CMake_64/share/cmake-3.19/Modules/Platform/WindowsPaths.cmake",
		"C:/Qt/Tools/CMake_64/share/cmake-3.19/Modules/CMakeCXXInformation.cmake",
		"C:/Qt/Tools/CMake_64/share/cmake-3.19/Modules/CMakeLanguageInformation.cmake",
		"C:/Qt/Tools/CMake_64/share/cmake-3.19/Modules/Compiler/GNU-CXX.cmake",
		"C:/Qt/Tools/CMake_64/share/cmake-3.19/Modules/Compiler/GNU.cmake",
		"C:/Qt/Tools/CMake_64/share/cmake-3.19/Modules/Compiler/CMakeCommonCompilerMacros.cmake",
		"C:/Qt/Tools/CMake_64/share/cmake-3.19/Modules/Platform/Windows-GNU-CXX.cmake",
		"C:/Qt/Tools/CMake_64/share/cmake-3.19/Modules/Platform/Windows-GNU.cmake",
		"C:/Qt/Tools/CMake_64/share/cmake-3.19/Modules/CMakeDetermineRCCompiler.cmake",
		"C:/Qt/Tools/CMake_64/share/cmake-3.19/Modules/CMakeRCCompiler.cmake.in",
		"C:/Users/Pranav/Documents/Qt/Calculator/build-MyCalculator-Desktop_Qt_6_0_4_MinGW_64_bit-Release/CMakeFiles/3.19.2/CMakeRCCompiler.cmake",
		"C:/Qt/Tools/CMake_64/share/cmake-3.19/Modules/CMakeRCInformation.cmake",
		"C:/Qt/Tools/CMake_64/share/cmake-3.19/Modules/Platform/Windows-windres.cmake",
		"C:/Qt/Tools/CMake_64/share/cmake-3.19/Modules/CMakeTestRCCompiler.cmake",
		"C:/Qt/Tools/CMake_64/share/cmake-3.19/Modules/CMakeCommonLanguageInclude.cmake",
		"C:/Qt/Tools/CMake_64/share/cmake-3.19/Modules/CMakeTestCXXCompiler.cmake",
		"C:/Qt/Tools/CMake_64/share/cmake-3.19/Modules/CMakeTestCompilerCommon.cmake",
		"C:/Qt/Tools/CMake_64/share/cmake-3.19/Modules/CMakeDetermineCompilerABI.cmake",
		"C:/Qt/Tools/CMake_64/share/cmake-3.19/Modules/CMakeParseImplicitIncludeInfo.cmake",
		"C:/Qt/Tools/CMake_64/share/cmake-3.19/Modules/CMakeParseImplicitLinkInfo.cmake",
		"C:/Qt/Tools/CMake_64/share/cmake-3.19/Modules/CMakeTestCompilerCommon.cmake",
		"C:/Qt/Tools/CMake_64/share/cmake-3.19/Modules/CMakeCXXCompilerABI.cpp",
		"C:/Qt/Tools/CMake_64/share/cmake-3.19/Modules/CMakeDetermineCompileFeatures.cmake",
		"C:/Qt/Tools/CMake_64/share/cmake-3.19/Modules/Internal/FeatureTesting.cmake",
		"C:/Qt/Tools/CMake_64/share/cmake-3.19/Modules/CMakeCXXCompiler.cmake.in",
		"C:/Users/Pranav/Documents/Qt/Calculator/build-MyCalculator-Desktop_Qt_6_0_4_MinGW_64_bit-Release/CMakeFiles/3.19.2/CMakeCXXCompiler.cmake",
		"C:/Qt/Tools/CMake_64/share/cmake-3.19/Modules/Platform/Windows-GNU-CXX-ABI.cmake",
		"C:/Qt/6.0.4/mingw81_64/lib/cmake/Qt6/Qt6ConfigVersion.cmake",
		"C:/Qt/6.0.4/mingw81_64/lib/cmake/Qt6/Qt6Config.cmake",
		"C:/Qt/6.0.4/mingw81_64/lib/cmake/Qt6/Qt6Targets.cmake",
		"C:/Qt/6.0.4/mingw81_64/lib/cmake/Qt6/Qt6VersionlessTargets.cmake",
		"C:/Qt/Tools/CMake_64/share/cmake-3.19/Modules/CMakeFindDependencyMacro.cmake",
		"C:/Qt/6.0.4/mingw81_64/lib/cmake/Qt6/Qt6Dependencies.cmake",
		"C:/Qt/Tools/CMake_64/share/cmake-3.19/Modules/FindThreads.cmake",
		"C:/Qt/Tools/CMake_64/share/cmake-3.19/Modules/CheckLibraryExists.cmake",
		"C:/Qt/Tools/CMake_64/share/cmake-3.19/Modules/CheckIncludeFileCXX.cmake",
		"C:/Qt/Tools/CMake_64/share/cmake-3.19/Modules/CheckCXXSourceCompiles.cmake",
		"C:/Qt/Tools/CMake_64/share/cmake-3.19/Modules/Internal/CheckSourceCompiles.cmake",
		"C:/Qt/Tools/CMake_64/share/cmake-3.19/Modules/CheckIncludeFile.cxx.in",
		"C:/Qt/Tools/CMake_64/share/cmake-3.19/Modules/FindPackageHandleStandardArgs.cmake",
		"C:/Qt/Tools/CMake_64/share/cmake-3.19/Modules/FindPackageMessage.cmake",
		"C:/Qt/6.0.4/mingw81_64/lib/cmake/Qt6/Qt6ConfigVersion.cmake",
		"C:/Qt/6.0.4/mingw81_64/lib/cmake/Qt6/Qt6Config.cmake",
		"C:/Qt/6.0.4/mingw81_64/lib/cmake/Qt6/Qt6Targets.cmake",
		"C:/Qt/6.0.4/mingw81_64/lib/cmake/Qt6/Qt6VersionlessTargets.cmake",
		"C:/Qt/Tools/CMake_64/share/cmake-3.19/Modules/CMakeFindDependencyMacro.cmake",
		"C:/Qt/6.0.4/mingw81_64/lib/cmake/Qt6/Qt6Dependencies.cmake",
		"C:/Qt/Tools/CMake_64/share/cmake-3.19/Modules/FindThreads.cmake",
		"C:/Qt/Tools/CMake_64/share/cmake-3.19/Modules/CheckLibraryExists.cmake",
		"C:/Qt/Tools/CMake_64/share/cmake-3.19/Modules/CheckIncludeFileCXX.cmake",
		"C:/Qt/Tools/CMake_64/share/cmake-3.19/Modules/CheckCXXSourceCompiles.cmake",
		"C:/Qt/Tools/CMake_64/share/cmake-3.19/Modules/FindPackageHandleStandardArgs.cmake",
		"C:/Qt/Tools/CMake_64/share/cmake-3.19/Modules/FindPackageMessage.cmake",
		"C:/Qt/6.0.4/mingw81_64/lib/cmake/Qt6Widgets/Qt6WidgetsConfigVersion.cmake",
		"C:/Qt/6.0.4/mingw81_64/lib/cmake/Qt6Widgets/Qt6WidgetsConfig.cmake",
		"C:/Qt/Tools/CMake_64/share/cmake-3.19/Modules/CMakeFindDependencyMacro.cmake",
		"C:/Qt/6.0.4/mingw81_64/lib/cmake/Qt6Widgets/Qt6WidgetsDependencies.cmake",
		"C:/Qt/6.0.4/mingw81_64/lib/cmake/Qt6/Qt6ConfigVersion.cmake",
		"C:/Qt/6.0.4/mingw81_64/lib/cmake/Qt6/Qt6Config.cmake",
		"C:/Qt/6.0.4/mingw81_64/lib/cmake/Qt6/Qt6Targets.cmake",
		"C:/Qt/6.0.4/mingw81_64/lib/cmake/Qt6/Qt6VersionlessTargets.cmake",
		"C:/Qt/Tools/CMake_64/share/cmake-3.19/Modules/CMakeFindDependencyMacro.cmake",
		"C:/Qt/6.0.4/mingw81_64/lib/cmake/Qt6/Qt6Dependencies.cmake",
		"C:/Qt/Tools/CMake_64/share/cmake-3.19/Modules/FindThreads.cmake",
		"C:/Qt/Tools/CMake_64/share/cmake-3.19/Modules/CheckLibraryExists.cmake",
		"C:/Qt/Tools/CMake_64/share/cmake-3.19/Modules/CheckIncludeFileCXX.cmake",
		"C:/Qt/Tools/CMake_64/share/cmake-3.19/Modules/CheckCXXSourceCompiles.cmake",
		"C:/Qt/Tools/CMake_64/share/cmake-3.19/Modules/FindPackageHandleStandardArgs.cmake",
		"C:/Qt/Tools/CMake_64/share/cmake-3.19/Modules/FindPackageMessage.cmake",
		"C:/Qt/6.0.4/mingw81_64/lib/cmake/Qt6WidgetsTools/Qt6WidgetsToolsConfigVersion.cmake",
		"C:/Qt/6.0.4/mingw81_64/lib/cmake/Qt6WidgetsTools/Qt6WidgetsToolsConfig.cmake",
		"C:/Qt/Tools/CMake_64/share/cmake-3.19/Modules/CMakeFindDependencyMacro.cmake",
		"C:/Qt/6.0.4/mingw81_64/lib/cmake/Qt6WidgetsTools/Qt6WidgetsToolsDependencies.cmake",
		"C:/Qt/6.0.4/mingw81_64/lib/cmake/Qt6CoreTools/Qt6CoreToolsConfigVersion.cmake",
		"C:/Qt/6.0.4/mingw81_64/lib/cmake/Qt6CoreTools/Qt6CoreToolsConfig.cmake",
		"C:/Qt/Tools/CMake_64/share/cmake-3.19/Modules/CMakeFindDependencyMacro.cmake",
		"C:/Qt/6.0.4/mingw81_64/lib/cmake/Qt6CoreTools/Qt6CoreToolsDependencies.cmake",
		"C:/Qt/6.0.4/mingw81_64/lib/cmake/Qt6CoreTools/Qt6CoreToolsTargets.cmake",
		"C:/Qt/6.0.4/mingw81_64/lib/cmake/Qt6CoreTools/Qt6CoreToolsTargets-relwithdebinfo.cmake",
		"C:/Qt/6.0.4/mingw81_64/lib/cmake/Qt6CoreTools/Qt6CoreToolsAdditionalTargetInfo.cmake",
		"C:/Qt/6.0.4/mingw81_64/lib/cmake/Qt6CoreTools/Qt6CoreToolsVersionlessTargets.cmake",
		"C:/Qt/6.0.4/mingw81_64/lib/cmake/Qt6GuiTools/Qt6GuiToolsConfigVersion.cmake",
		"C:/Qt/6.0.4/mingw81_64/lib/cmake/Qt6GuiTools/Qt6GuiToolsConfig.cmake",
		"C:/Qt/Tools/CMake_64/share/cmake-3.19/Modules/CMakeFindDependencyMacro.cmake",
		"C:/Qt/6.0.4/mingw81_64/lib/cmake/Qt6GuiTools/Qt6GuiToolsDependencies.cmake",
		"C:/Qt/6.0.4/mingw81_64/lib/cmake/Qt6GuiTools/Qt6GuiToolsTargets.cmake",
		"C:/Qt/6.0.4/mingw81_64/lib/cmake/Qt6GuiTools/Qt6GuiToolsTargets-relwithdebinfo.cmake",
		"C:/Qt/6.0.4/mingw81_64/lib/cmake/Qt6GuiTools/Qt6GuiToolsAdditionalTargetInfo.cmake",
		"C:/Qt/6.0.4/mingw81_64/lib/cmake/Qt6GuiTools/Qt6GuiToolsVersionlessTargets.cmake",
		"C:/Qt/6.0.4/mingw81_64/lib/cmake/Qt6WidgetsTools/Qt6WidgetsToolsTargets.cmake",
		"C:/Qt/6.0.4/mingw81_64/lib/cmake/Qt6WidgetsTools/Qt6WidgetsToolsTargets-relwithdebinfo.cmake",
		"C:/Qt/6.0.4/mingw81_64/lib/cmake/Qt6WidgetsTools/Qt6WidgetsToolsAdditionalTargetInfo.cmake",
		"C:/Qt/6.0.4/mingw81_64/lib/cmake/Qt6WidgetsTools/Qt6WidgetsToolsVersionlessTargets.cmake",
		"C:/Qt/6.0.4/mingw81_64/lib/cmake/Qt6Core/Qt6CoreConfigVersion.cmake",
		"C:/Qt/6.0.4/mingw81_64/lib/cmake/Qt6Core/Qt6CoreConfig.cmake",
		"C:/Qt/Tools/CMake_64/share/cmake-3.19/Modules/CMakeFindDependencyMacro.cmake",
		"C:/Qt/6.0.4/mingw81_64/lib/cmake/Qt6Core/Qt6CoreDependencies.cmake",
		"C:/Qt/6.0.4/mingw81_64/lib/cmake/Qt6/Qt6ConfigVersion.cmake",
		"C:/Qt/6.0.4/mingw81_64/lib/cmake/Qt6/Qt6Config.cmake",
		"C:/Qt/6.0.4/mingw81_64/lib/cmake/Qt6/Qt6Targets.cmake",
		"C:/Qt/6.0.4/mingw81_64/lib/cmake/Qt6/Qt6VersionlessTargets.cmake",
		"C:/Qt/Tools/CMake_64/share/cmake-3.19/Modules/CMakeFindDependencyMacro.cmake",
		"C:/Qt/6.0.4/mingw81_64/lib/cmake/Qt6/Qt6Dependencies.cmake",
		"C:/Qt/Tools/CMake_64/share/cmake-3.19/Modules/FindThreads.cmake",
		"C:/Qt/Tools/CMake_64/share/cmake-3.19/Modules/CheckLibraryExists.cmake",
		"C:/Qt/Tools/CMake_64/share/cmake-3.19/Modules/CheckIncludeFileCXX.cmake",
		"C:/Qt/Tools/CMake_64/share/cmake-3.19/Modules/CheckCXXSourceCompiles.cmake",
		"C:/Qt/Tools/CMake_64/share/cmake-3.19/Modules/FindPackageHandleStandardArgs.cmake",
		"C:/Qt/Tools/CMake_64/share/cmake-3.19/Modules/FindPackageMessage.cmake",
		"C:/Qt/6.0.4/mingw81_64/lib/cmake/Qt6/FindWrapAtomic.cmake",
		"C:/Qt/Tools/CMake_64/share/cmake-3.19/Modules/CheckCXXSourceCompiles.cmake",
		"C:/Qt/Tools/CMake_64/share/cmake-3.19/Modules/FindPackageHandleStandardArgs.cmake",
		"C:/Qt/Tools/CMake_64/share/cmake-3.19/Modules/FindPackageMessage.cmake",
		"C:/Qt/6.0.4/mingw81_64/lib/cmake/Qt6CoreTools/Qt6CoreToolsConfigVersion.cmake",
		"C:/Qt/6.0.4/mingw81_64/lib/cmake/Qt6CoreTools/Qt6CoreToolsConfig.cmake",
		"C:/Qt/Tools/CMake_64/share/cmake-3.19/Modules/CMakeFindDependencyMacro.cmake",
		"C:/Qt/6.0.4/mingw81_64/lib/cmake/Qt6CoreTools/Qt6CoreToolsDependencies.cmake",
		"C:/Qt/6.0.4/mingw81_64/lib/cmake/Qt6CoreTools/Qt6CoreToolsTargets.cmake",
		"C:/Qt/6.0.4/mingw81_64/lib/cmake/Qt6CoreTools/Qt6CoreToolsAdditionalTargetInfo.cmake",
		"C:/Qt/6.0.4/mingw81_64/lib/cmake/Qt6CoreTools/Qt6CoreToolsVersionlessTargets.cmake",
		"C:/Qt/6.0.4/mingw81_64/lib/cmake/Qt6EntryPoint/Qt6EntryPointConfigVersion.cmake",
		"C:/Qt/6.0.4/mingw81_64/lib/cmake/Qt6EntryPoint/Qt6EntryPointConfig.cmake",
		"C:/Qt/Tools/CMake_64/share/cmake-3.19/Modules/CMakeFindDependencyMacro.cmake",
		"C:/Qt/6.0.4/mingw81_64/lib/cmake/Qt6EntryPoint/Qt6EntryPointTargets.cmake",
		"C:/Qt/6.0.4/mingw81_64/lib/cmake/Qt6EntryPoint/Qt6EntryPointTargets-relwithdebinfo.cmake",
		"C:/Qt/6.0.4/mingw81_64/lib/cmake/Qt6EntryPoint/Qt6EntryPointAdditionalTargetInfo.cmake",
		"C:/Qt/6.0.4/mingw81_64/lib/cmake/Qt6EntryPoint/Qt6EntryPointVersionlessTargets.cmake",
		"C:/Qt/6.0.4/mingw81_64/lib/cmake/Qt6/QtFeature.cmake",
		"C:/Qt/6.0.4/mingw81_64/lib/cmake/Qt6/QtFeatureCommon.cmake",
		"C:/Qt/Tools/CMake_64/share/cmake-3.19/Modules/CheckCXXCompilerFlag.cmake",
		"C:/Qt/Tools/CMake_64/share/cmake-3.19/Modules/CheckCXXSourceCompiles.cmake",
		"C:/Qt/Tools/CMake_64/share/cmake-3.19/Modules/Internal/CheckCompilerFlag.cmake",
		"C:/Qt/Tools/CMake_64/share/cmake-3.19/Modules/Internal/CheckSourceCompiles.cmake",
		"C:/Qt/Tools/CMake_64/share/cmake-3.19/Modules/CMakeCheckCompilerFlagCommonPatterns.cmake",
		"C:/Qt/6.0.4/mingw81_64/lib/cmake/Qt6Core/Qt6CoreTargets.cmake",
		"C:/Qt/6.0.4/mingw81_64/lib/cmake/Qt6Core/Qt6CoreTargets-relwithdebinfo.cmake",
		"C:/Qt/6.0.4/mingw81_64/lib/cmake/Qt6Core/Qt6CoreAdditionalTargetInfo.cmake",
		"C:/Qt/6.0.4/mingw81_64/lib/cmake/Qt6Core/Qt6CoreVersionlessTargets.cmake",
		"C:/Qt/6.0.4/mingw81_64/lib/cmake/Qt6Core/Qt6CoreMacros.cmake",
		"C:/Qt/Tools/CMake_64/share/cmake-3.19/Modules/CMakeParseArguments.cmake",
		"C:/Qt/6.0.4/mingw81_64/lib/cmake/Qt6Core/Qt6CoreConfigExtras.cmake",
		"C:/Qt/6.0.4/mingw81_64/lib/cmake/Qt6/QtFeature.cmake",
		"C:/Qt/6.0.4/mingw81_64/lib/cmake/Qt6/QtFeatureCommon.cmake",
		"C:/Qt/Tools/CMake_64/share/cmake-3.19/Modules/CheckCXXCompilerFlag.cmake",
		"C:/Qt/6.0.4/mingw81_64/lib/cmake/Qt6Gui/Qt6GuiConfigVersion.cmake",
		"C:/Qt/6.0.4/mingw81_64/lib/cmake/Qt6Gui/Qt6GuiConfig.cmake",
		"C:/Qt/Tools/CMake_64/share/cmake-3.19/Modules/CMakeFindDependencyMacro.cmake",
		"C:/Qt/6.0.4/mingw81_64/lib/cmake/Qt6Gui/Qt6GuiDependencies.cmake",
		"C:/Qt/6.0.4/mingw81_64/lib/cmake/Qt6/Qt6ConfigVersion.cmake",
		"C:/Qt/6.0.4/mingw81_64/lib/cmake/Qt6/Qt6Config.cmake",
		"C:/Qt/6.0.4/mingw81_64/lib/cmake/Qt6/Qt6Targets.cmake",
		"C:/Qt/6.0.4/mingw81_64/lib/cmake/Qt6/Qt6VersionlessTargets.cmake",
		"C:/Qt/Tools/CMake_64/share/cmake-3.19/Modules/CMakeFindDependencyMacro.cmake",
		"C:/Qt/6.0.4/mingw81_64/lib/cmake/Qt6/Qt6Dependencies.cmake",
		"C:/Qt/Tools/CMake_64/share/cmake-3.19/Modules/FindThreads.cmake",
		"C:/Qt/Tools/CMake_64/share/cmake-3.19/Modules/CheckLibraryExists.cmake",
		"C:/Qt/Tools/CMake_64/share/cmake-3.19/Modules/CheckIncludeFileCXX.cmake",
		"C:/Qt/Tools/CMake_64/share/cmake-3.19/Modules/CheckCXXSourceCompiles.cmake",
		"C:/Qt/Tools/CMake_64/share/cmake-3.19/Modules/FindPackageHandleStandardArgs.cmake",
		"C:/Qt/Tools/CMake_64/share/cmake-3.19/Modules/FindPackageMessage.cmake",
		"C:/Qt/Tools/CMake_64/share/cmake-3.19/Modules/FindVulkan.cmake",
		"C:/Qt/Tools/CMake_64/share/cmake-3.19/Modules/FindPackageHandleStandardArgs.cmake",
		"C:/Qt/Tools/CMake_64/share/cmake-3.19/Modules/FindPackageMessage.cmake",
		"C:/Qt/6.0.4/mingw81_64/lib/cmake/Qt6GuiTools/Qt6GuiToolsConfigVersion.cmake",
		"C:/Qt/6.0.4/mingw81_64/lib/cmake/Qt6GuiTools/Qt6GuiToolsConfig.cmake",
		"C:/Qt/Tools/CMake_64/share/cmake-3.19/Modules/CMakeFindDependencyMacro.cmake",
		"C:/Qt/6.0.4/mingw81_64/lib/cmake/Qt6GuiTools/Qt6GuiToolsDependencies.cmake",
		"C:/Qt/6.0.4/mingw81_64/lib/cmake/Qt6GuiTools/Qt6GuiToolsTargets.cmake",
		"C:/Qt/6.0.4/mingw81_64/lib/cmake/Qt6GuiTools/Qt6GuiToolsAdditionalTargetInfo.cmake",
		"C:/Qt/6.0.4/mingw81_64/lib/cmake/Qt6GuiTools/Qt6GuiToolsVersionlessTargets.cmake",
		"C:/Qt/6.0.4/mingw81_64/lib/cmake/Qt6Gui/Qt6GuiTargets.cmake",
		"C:/Qt/6.0.4/mingw81_64/lib/cmake/Qt6Gui/Qt6GuiTargets-relwithdebinfo.cmake",
		"C:/Qt/6.0.4/mingw81_64/lib/cmake/Qt6Gui/Qt6GuiAdditionalTargetInfo.cmake",
		"C:/Qt/6.0.4/mingw81_64/lib/cmake/Qt6Gui/Qt6GuiVersionlessTargets.cmake",
		"C:/Qt/6.0.4/mingw81_64/lib/cmake/Qt6/QtFeature.cmake",
		"C:/Qt/6.0.4/mingw81_64/lib/cmake/Qt6/QtFeatureCommon.cmake",
		"C:/Qt/Tools/CMake_64/share/cmake-3.19/Modules/CheckCXXCompilerFlag.cmake",
		"C:/Qt/6.0.4/mingw81_64/lib/cmake/Qt6Widgets/Qt6WidgetsTargets.cmake",
		"C:/Qt/6.0.4/mingw81_64/lib/cmake/Qt6Widgets/Qt6WidgetsTargets-relwithdebinfo.cmake",
		"C:/Qt/6.0.4/mingw81_64/lib/cmake/Qt6Widgets/Qt6WidgetsAdditionalTargetInfo.cmake",
		"C:/Qt/6.0.4/mingw81_64/lib/cmake/Qt6Widgets/Qt6WidgetsVersionlessTargets.cmake",
		"C:/Qt/6.0.4/mingw81_64/lib/cmake/Qt6Widgets/Qt6WidgetsMacros.cmake",
		"C:/Qt/Tools/CMake_64/share/cmake-3.19/Modules/CMakeParseArguments.cmake",
		"C:/Qt/6.0.4/mingw81_64/lib/cmake/Qt6/QtFeature.cmake",
		"C:/Qt/6.0.4/mingw81_64/lib/cmake/Qt6/QtFeatureCommon.cmake",
		"C:/Qt/Tools/CMake_64/share/cmake-3.19/Modules/CheckCXXCompilerFlag.cmake"
	],
	"CMAKE_SOURCE_DIR" : "C:/Users/Pranav/Documents/Qt/Calculator/MyCalculator",
	"DEP_FILE" : "C:/Users/Pranav/Documents/Qt/Calculator/build-MyCalculator-Desktop_Qt_6_0_4_MinGW_64_bit-Release/MyCalculator_autogen/deps",
	"DEP_FILE_RULE_NAME" : "MyCalculator_autogen/timestamp",
	"HEADERS" : 
	[
		[
			"C:/Users/Pranav/Documents/Qt/Calculator/MyCalculator/mainwindow.h",
			"MU",
			"EWIEGA46WW/moc_mainwindow.cpp"
		]
	],
	"HEADER_EXTENSIONS" : [ "h", "hh", "h++", "hm", "hpp", "hxx", "in", "txx" ],
	"INCLUDE_DIR" : "C:/Users/Pranav/Documents/Qt/Calculator/build-MyCalculator-Desktop_Qt_6_0_4_MinGW_64_bit-Release/MyCalculator_autogen/include",
	"MOC_COMPILATION_FILE" : "C:/Users/Pranav/Documents/Qt/Calculator/build-MyCalculator-Desktop_Qt_6_0_4_MinGW_64_bit-Release/MyCalculator_autogen/mocs_compilation.cpp",
	"MOC_DEFINITIONS" : 
	[
		"MINGW_HAS_SECURE_API=1",
		"QT_CORE_LIB",
		"QT_GUI_LIB",
		"QT_NO_DEBUG",
		"QT_WIDGETS_LIB",
		"UNICODE",
		"WIN32",
		"WIN64",
		"_ENABLE_EXTENDED_ALIGNED_STORAGE",
		"_UNICODE",
		"_WIN32_WINNT=0x0601",
		"_WIN64"
	],
	"MOC_DEPEND_FILTERS" : 
	[
		[
			"Q_PLUGIN_METADATA",
			"[\n][ \t]*Q_PLUGIN_METADATA[ \t]*\\([^\\)]*FILE[ \t]*\"([^\"]+)\""
		]
	],
	"MOC_INCLUDES" : 
	[
		"C:/Users/Pranav/Documents/Qt/Calculator/build-MyCalculator-Desktop_Qt_6_0_4_MinGW_64_bit-Release",
		"C:/Users/Pranav/Documents/Qt/Calculator/MyCalculator",
		"C:/Qt/6.0.4/mingw81_64/include/QtCore",
		"C:/Qt/6.0.4/mingw81_64/include",
		"C:/Qt/6.0.4/mingw81_64/mkspecs/win32-g++",
		"C:/Qt/6.0.4/mingw81_64/include/QtWidgets",
		"C:/Qt/6.0.4/mingw81_64/include/QtGui",
		"C:/Qt/Tools/mingw810_64/lib/gcc/x86_64-w64-mingw32/8.1.0/include/c++",
		"C:/Qt/Tools/mingw810_64/lib/gcc/x86_64-w64-mingw32/8.1.0/include/c++/x86_64-w64-mingw32",
		"C:/Qt/Tools/mingw810_64/lib/gcc/x86_64-w64-mingw32/8.1.0/include/c++/backward",
		"C:/Qt/Tools/mingw810_64/lib/gcc/x86_64-w64-mingw32/8.1.0/include",
		"C:/Qt/Tools/mingw810_64/lib/gcc/x86_64-w64-mingw32/8.1.0/include-fixed",
		"C:/Qt/Tools/mingw810_64/x86_64-w64-mingw32/include"
	],
	"MOC_MACRO_NAMES" : [ "Q_OBJECT", "Q_GADGET", "Q_NAMESPACE", "Q_NAMESPACE_EXPORT" ],
	"MOC_OPTIONS" : [],
	"MOC_PATH_PREFIX" : false,
	"MOC_PREDEFS_CMD" : 
	[
		"C:/Qt/Tools/mingw810_64/bin/g++.exe",
		"-dM",
		"-E",
		"-c",
		"C:/Qt/Tools/CMake_64/share/cmake-3.19/Modules/CMakeCXXCompilerABI.cpp"
	],
	"MOC_PREDEFS_FILE" : "C:/Users/Pranav/Documents/Qt/Calculator/build-MyCalculator-Desktop_Qt_6_0_4_MinGW_64_bit-Release/MyCalculator_autogen/moc_predefs.h",
	"MOC_RELAXED_MODE" : false,
	"MOC_SKIP" : [],
	"MULTI_CONFIG" : false,
	"PARALLEL" : 2,
	"PARSE_CACHE_FILE" : "C:/Users/Pranav/Documents/Qt/Calculator/build-MyCalculator-Desktop_Qt_6_0_4_MinGW_64_bit-Release/CMakeFiles/MyCalculator_autogen.dir/ParseCache.txt",
	"QT_MOC_EXECUTABLE" : "C:/Qt/6.0.4/mingw81_64/bin/moc.exe",
	"QT_UIC_EXECUTABLE" : "C:/Qt/6.0.4/mingw81_64/bin/uic.exe",
	"QT_VERSION_MAJOR" : 6,
	"QT_VERSION_MINOR" : 0,
	"SETTINGS_FILE" : "C:/Users/Pranav/Documents/Qt/Calculator/build-MyCalculator-Desktop_Qt_6_0_4_MinGW_64_bit-Release/CMakeFiles/MyCalculator_autogen.dir/AutogenUsed.txt",
	"SOURCES" : 
	[
		[ "C:/Users/Pranav/Documents/Qt/Calculator/MyCalculator/main.cpp", "MU" ],
		[
			"C:/Users/Pranav/Documents/Qt/Calculator/MyCalculator/mainwindow.cpp",
			"MU"
		]
	],
	"UIC_OPTIONS" : [],
	"UIC_SEARCH_PATHS" : [],
	"UIC_SKIP" : [],
	"UIC_UI_FILES" : [],
	"VERBOSITY" : 0
}
